6Uzn80kViT6Z1VC0zoAOew.jpg,1 385 288 421 400 
7krWjrw7t_A45YE72eHmVA.jpg,1 388 283 430 398 
Cv99flvGEEX3tqws3Bp1Cw.jpg,1 394 304 433 398 
HGFrf2EcH76K2qrgv4yE8Q.jpg,2 451 354 543 376 1 176 319 326 398 1 419 309 467 397 1 347 285 397 400 
LIKGTLRqGR6Rwlsg6KJofA.jpg,1 677 336 752 400 1 674 325 737 400 1 674 331 723 399 
NHEQAfk29sb24T8TuUJ1Rg.jpg,4 466 330 666 400 
YOZJQdkTdi9JbejGdzWQDO.jpg,
anwQSsB6svCQ55g58y9qY6.jpg,
k7Yfc0o4BoYshwp7DhCMig.jpg,
mDGr3y9C4UcizyIiSp8oug.jpg,1 347 303 400 400 
zzG0h8nBcxfImuHOAOh9yQ.jpg,1 225 353 282 400 4 160 321 224 388 
zzH5t4aT5RwkDsIEWSqKYi.jpg,
zzyoklDHW1FJTnvuu0rVtF.jpg,
zzzTn7ucgSEuPUu0scm8vw.jpg,1 302 333 398 400 
zzzoc1gONwmeFhRNqouV2A.jpg,1 260 328 335 400 
